,name,flit,cycle,slowdown
0,resnet50_resnext50_32x4d_vgg16_wide_resnet50_2_1024,1024,3626140.0,5.899462463556851
3,resnet50_resnext50_32x4d_vgg16_wide_resnet50_2_1536,1536,2582840.0,4.202090274885465
1,resnet50_resnext50_32x4d_vgg16_wide_resnet50_2_2048,2048,1681190.0,2.735172193877551
2,resnet50_resnext50_32x4d_vgg16_wide_resnet50_2_2560,2560,1583990.0,2.57703495939192
6,resnet50_resnext50_32x4d_vgg16_wide_resnet50_2_3072,3072,1198570.0,1.9499850322782175
4,resnet50_resnext50_32x4d_vgg16_wide_resnet50_2_3584,3584,1198600.0,1.9500338400666388
5,resnet50_resnext50_32x4d_vgg16_wide_resnet50_2_4096,4096,1167330.0,1.8991598552686382
