,case,cycle,slowdown
0,bert_1024,9215,7.999131944444445
1,bert_2048,3871,3.3602430555555554
2,bert_4096,2367,2.0546875
